age,sex,job,housing,saving_accounts,checking_account,credit_amount,duration,purpose,risk
54,male,3,rent,little,little,6777,48,radio/TV,bad
26,male,1,own,little,moderate,1755,12,education,good
29,male,2,own,little,unknown,654,12,radio/TV,good
23,male,3,own,moderate,moderate,7146,24,car,good
22,male,3,own,little,little,1129,12,education,bad
47,male,2,own,unknown,unknown,799,6,radio/TV,bad
44,female,2,own,little,moderate,1725,15,education,good
36,female,2,rent,little,moderate,3620,18,furniture/equipment,bad
45,male,2,own,little,moderate,1383,9,radio/TV,good
38,female,3,own,little,little,2465,18,furniture/equipment,bad
38,male,2,free,little,moderate,2406,12,car,bad
33,male,1,own,little,little,2377,15,radio/TV,bad
41,male,2,own,quite rich,moderate,5618,30,car,bad
25,male,2,own,little,moderate,1910,12,radio/TV,bad
37,male,1,free,unknown,little,1802,12,car,good
37,female,2,own,little,unknown,895,6,business,good
58,male,0,own,moderate,little,1256,9,radio/TV,bad
32,male,2,own,unknown,unknown,3401,12,car,good
42,female,2,rent,little,rich,743,6,furniture/equipment,bad
40,female,3,free,little,little,5732,36,business,bad
27,female,2,own,little,unknown,9220,72,car,bad
40,female,2,own,quite rich,moderate,5435,36,education,good
28,female,2,own,rich,unknown,767,6,furniture/equipment,good
36,male,2,own,little,unknown,1147,9,furniture/equipment,bad
19,male,2,own,moderate,unknown,1686,12,vacation/others,bad
30,male,3,rent,moderate,moderate,2643,24,radio/TV,bad
50,female,2,own,moderate,moderate,250,6,radio/TV,bad
32,female,2,own,little,moderate,2600,18,furniture/equipment,bad
37,male,2,own,unknown,unknown,2478,18,radio/TV,good
38,male,2,own,little,unknown,2173,12,furniture/equipment,bad
44,female,2,own,moderate,unknown,1722,6,business,good
33,female,2,own,rich,moderate,3201,24,business,good
38,male,2,own,unknown,moderate,2037,18,radio/TV,good
35,male,2,own,quite rich,unknown,3163,18,car,good
37,male,1,own,rich,unknown,3542,30,radio/TV,bad
28,male,3,own,little,unknown,2341,18,domestic appliances,good
38,male,2,own,little,little,2452,18,radio/TV,bad
37,male,3,own,unknown,little,2717,18,repairs,bad
63,male,2,own,moderate,rich,1515,9,business,good
46,male,1,free,unknown,unknown,1562,6,car,good
49,female,2,own,little,unknown,1195,6,business,bad
35,female,2,rent,little,moderate,6648,48,radio/TV,bad
22,male,1,free,moderate,little,5357,24,car,bad
42,male,3,own,little,unknown,1224,9,furniture/equipment,bad
53,male,2,own,little,unknown,4806,24,furniture/equipment,good
19,male,3,own,little,moderate,949,12,vacation/others,bad
34,male,1,own,moderate,little,879,6,furniture/equipment,bad
29,male,2,own,little,little,1462,24,furniture/equipment,good
42,male,1,rent,unknown,little,1018,9,radio/TV,bad
41,male,2,own,quite rich,little,1177,18,radio/TV,good
29,male,2,own,little,little,5400,36,education,bad
25,female,2,own,little,rich,2746,12,car,good
29,male,3,own,little,little,660,12,radio/TV,good
29,male,2,own,unknown,little,5252,24,furniture/equipment,bad
21,male,2,rent,little,moderate,2053,18,furniture/equipment,bad
46,male,2,own,little,moderate,2918,24,radio/TV,good
39,male,2,own,unknown,unknown,322,9,repairs,good
39,male,2,own,rich,little,1433,18,radio/TV,good
35,male,2,own,little,moderate,5095,36,education,bad
38,female,2,own,unknown,unknown,3548,18,furniture/equipment,good
40,male,2,own,quite rich,little,3737,30,car,good
45,male,2,rent,little,little,3122,18,car,bad
38,male,3,own,little,moderate,971,18,domestic appliances,good
59,female,2,own,unknown,unknown,3934,24,radio/TV,good
35,male,1,free,unknown,little,1642,12,business,bad
23,female,0,own,little,moderate,1788,15,business,bad
58,male,1,own,little,unknown,2658,24,furniture/equipment,good
35,male,2,own,unknown,moderate,5071,36,car,bad
19,male,2,own,little,unknown,2006,18,furniture/equipment,bad
46,female,3,own,little,unknown,1323,9,furniture/equipment,good
32,male,1,rent,little,unknown,4789,36,radio/TV,bad
38,male,1,own,unknown,little,4478,36,radio/TV,bad
19,male,2,own,little,unknown,9366,48,furniture/equipment,bad
38,female,2,free,rich,moderate,250,12,radio/TV,good
37,female,2,own,little,little,3932,18,business,bad
55,male,0,own,unknown,unknown,6998,36,car,good
29,male,1,own,quite rich,little,2565,12,car,bad
29,male,2,own,unknown,unknown,1550,18,radio/TV,good
43,male,1,rent,little,unknown,2490,24,furniture/equipment,good
37,male,1,free,little,unknown,4183,24,furniture/equipment,good
39,female,2,own,little,little,3794,18,vacation/others,bad
35,female,2,free,unknown,unknown,2275,30,furniture/equipment,good
33,male,1,own,moderate,moderate,3826,24,car,good
36,female,2,own,little,unknown,4010,24,radio/TV,bad
30,female,2,own,moderate,unknown,2975,24,vacation/others,bad
34,male,2,own,little,little,1796,24,radio/TV,good
25,female,1,own,unknown,unknown,2651,12,furniture/equipment,good
29,male,2,own,little,little,7162,48,radio/TV,bad
29,female,1,own,quite rich,unknown,2192,18,radio/TV,good
38,male,3,own,little,unknown,1146,18,repairs,good
30,male,2,rent,little,little,1559,15,radio/TV,bad
41,female,2,own,little,little,9215,36,business,bad
33,female,2,own,quite rich,little,3206,24,business,good
23,female,2,own,little,unknown,3589,18,vacation/others,bad
30,female,2,free,little,unknown,2749,24,business,bad
29,male,2,own,unknown,unknown,421,6,repairs,good
22,male,2,own,little,moderate,3517,24,vacation/others,bad
42,male,2,own,little,unknown,2148,24,radio/TV,good
24,female,2,free,little,little,2693,15,radio/TV,bad
37,female,2,rent,unknown,unknown,2052,15,car,bad
44,male,2,own,little,little,1310,15,car,bad
26,male,2,own,little,unknown,7661,60,business,bad
32,male,2,own,little,moderate,883,6,car,bad
52,male,2,rent,little,little,2564,42,radio/TV,bad
51,female,3,rent,rich,moderate,5064,24,car,good
41,male,1,own,little,unknown,1437,15,radio/TV,good
32,male,3,free,moderate,little,5594,24,car,bad
56,male,2,free,little,unknown,10199,36,car,bad
29,male,2,free,little,unknown,5005,36,car,bad
43,female,1,rent,little,little,1527,18,business,bad
34,female,2,own,little,unknown,544,6,radio/TV,good
31,male,2,own,little,unknown,5592,24,car,good
34,female,2,own,unknown,little,2220,42,radio/TV,bad
45,male,3,own,little,little,1909,18,radio/TV,bad
29,male,1,own,quite rich,little,2034,6,car,good
48,female,2,own,moderate,unknown,4693,24,car,good
38,male,2,free,little,unknown,4969,24,furniture/equipment,bad
33,male,2,rent,rich,unknown,749,6,furniture/equipment,good
55,male,2,own,little,little,2207,15,furniture/equipment,good
47,male,2,own,little,moderate,5338,24,furniture/equipment,good
36,female,0,own,little,unknown,7198,42,business,bad
45,male,2,own,little,unknown,1746,12,car,bad
21,male,2,own,little,unknown,2136,15,radio/TV,good
28,male,2,free,moderate,unknown,3093,12,business,good
28,male,2,rent,little,unknown,2453,15,furniture/equipment,bad
46,female,3,own,little,little,3337,12,car,bad
41,female,1,own,little,moderate,1184,6,car,good
37,male,2,own,little,little,4571,24,car,bad
28,male,2,free,moderate,rich,6454,48,car,good
48,male,2,own,little,unknown,1741,12,furniture/equipment,bad
37,female,3,own,unknown,moderate,7774,30,car,good
20,male,2,own,little,little,2841,12,business,bad
36,female,2,free,unknown,little,10060,36,business,bad
35,female,2,own,little,little,3772,30,car,good
25,female,2,own,rich,little,351,6,furniture/equipment,bad
26,female,2,free,little,moderate,1423,9,furniture/equipment,bad
36,male,1,rent,little,little,994,12,vacation/others,bad
40,male,1,own,little,moderate,3934,24,vacation/others,bad
41,male,3,own,little,moderate,1022,6,furniture/equipment,bad
35,male,2,rent,little,moderate,1914,18,radio/TV,good
23,male,2,own,little,unknown,4407,24,furniture/equipment,good
63,female,2,own,little,little,8159,36,car,bad
31,male,2,own,quite rich,moderate,1848,6,car,good
49,male,2,own,rich,unknown,561,6,radio/TV,good
51,male,2,own,little,little,1128,18,radio/TV,good
41,female,2,free,moderate,rich,3836,12,car,bad
33,male,2,own,moderate,unknown,1813,24,radio/TV,good
40,female,2,free,little,unknown,2539,24,furniture/equipment,good
30,female,3,own,little,little,9243,36,car,bad
50,male,2,own,little,unknown,1701,15,business,bad
55,female,3,own,little,unknown,895,9,radio/TV,good
34,male,0,rent,little,unknown,612,6,radio/TV,good
22,female,2,own,quite rich,unknown,840,6,car,good
54,female,1,own,little,unknown,2762,18,radio/TV,good
43,male,2,own,little,little,2735,18,furniture/equipment,bad
25,male,2,own,little,rich,3504,24,car,good
36,female,2,own,little,little,4696,48,furniture/equipment,bad
35,female,2,own,rich,moderate,4967,24,furniture/equipment,bad
34,male,1,rent,moderate,unknown,1668,12,radio/TV,bad
19,male,2,own,rich,little,2903,36,furniture/equipment,good
44,female,2,free,little,moderate,1382,18,radio/TV,good
37,male,2,own,little,little,1180,6,radio/TV,good
40,male,2,own,little,moderate,2282,12,furniture/equipment,bad
29,male,2,rent,little,little,2843,12,car,bad
45,male,3,rent,unknown,little,1263,15,furniture/equipment,bad
45,female,2,rent,unknown,little,6173,24,car,bad
32,female,2,own,moderate,unknown,5932,36,education,bad
34,male,2,own,unknown,unknown,4100,24,furniture/equipment,bad
41,female,2,own,little,rich,3394,24,car,good
19,female,2,rent,little,moderate,4869,30,car,bad
55,female,2,own,little,little,2851,24,furniture/equipment,good
30,male,3,own,little,unknown,3807,36,education,good
40,male,2,own,little,moderate,3216,24,radio/TV,good
48,male,3,own,little,little,2562,12,furniture/equipment,bad
40,male,1,rent,unknown,moderate,2975,30,business,good
39,female,2,rent,little,unknown,1155,12,radio/TV,bad
46,male,2,own,little,unknown,1028,9,radio/TV,bad
26,female,1,own,unknown,unknown,8658,36,car,good
40,female,2,own,little,moderate,2344,12,furniture/equipment,good
63,male,2,own,little,little,3214,18,furniture/equipment,bad
31,male,1,own,little,moderate,987,12,radio/TV,bad
32,male,2,own,little,little,1625,18,radio/TV,bad
47,female,2,own,moderate,little,5260,24,furniture/equipment,bad
21,male,2,own,little,unknown,13250,48,car,bad
32,male,1,own,little,unknown,1213,12,car,good
25,female,1,own,little,unknown,1812,6,car,good
25,male,3,rent,little,unknown,992,12,radio/TV,good
46,male,1,own,little,moderate,3000,12,car,bad
33,male,2,own,rich,unknown,3410,18,business,good
32,female,2,own,little,moderate,934,6,radio/TV,good
24,male,1,own,little,unknown,3460,15,car,bad
34,male,1,own,unknown,moderate,659,6,radio/TV,good
49,male,3,own,unknown,moderate,3708,12,business,bad
42,male,2,own,little,rich,1979,12,car,bad
25,male,2,own,unknown,rich,3511,24,furniture/equipment,good
30,female,3,own,little,unknown,1280,18,radio/TV,good
38,female,2,own,unknown,little,10562,36,car,bad
26,male,3,own,unknown,rich,1564,12,furniture/equipment,good
41,male,3,free,little,unknown,1690,6,car,good
42,female,3,own,unknown,moderate,3694,15,car,good
46,female,1,own,little,unknown,912,6,radio/TV,good
39,female,1,rent,rich,unknown,2035,15,car,good
19,male,1,own,little,unknown,3469,18,domestic appliances,good
44,male,1,own,little,little,1500,15,education,bad
19,female,2,own,moderate,little,2768,24,business,bad
39,male,2,rent,rich,rich,2212,15,car,good
32,male,1,rent,little,little,945,6,car,bad
38,male,1,own,little,unknown,4615,36,education,good
46,male,2,own,little,unknown,7514,24,car,good
35,male,1,rent,moderate,little,1700,15,furniture/equipment,bad
42,male,1,rent,little,unknown,4817,36,business,bad
24,male,2,own,moderate,unknown,2324,9,education,bad
33,male,1,own,little,little,2215,12,car,bad
43,male,2,free,little,unknown,4479,48,education,bad
36,female,2,own,little,little,1307,12,education,bad
33,male,3,rent,little,unknown,1788,12,car,bad
35,male,2,rent,little,little,593,6,repairs,bad
40,male,1,own,rich,rich,2173,24,radio/TV,good
27,female,2,own,unknown,unknown,5648,48,radio/TV,bad
19,male,2,own,little,unknown,1281,6,furniture/equipment,bad
21,male,2,free,rich,unknown,1158,18,radio/TV,good
39,female,1,rent,unknown,unknown,600,6,repairs,good
32,male,2,own,little,rich,3509,12,car,bad
31,male,2,own,unknown,unknown,1454,24,radio/TV,good
52,male,3,free,little,unknown,7335,48,furniture/equipment,bad
35,female,2,own,little,unknown,250,6,radio/TV,bad
55,female,2,free,little,moderate,3460,12,car,good
24,female,2,rent,little,moderate,2655,36,radio/TV,bad
49,male,3,own,little,unknown,2794,24,car,good
28,male,2,own,little,little,1467,9,car,bad
42,male,0,rent,unknown,little,2134,12,car,bad
29,female,1,own,unknown,unknown,2389,24,vacation/others,good
42,female,1,rent,little,unknown,2637,24,radio/TV,bad
32,male,2,own,unknown,unknown,6564,24,car,good
40,male,2,own,little,moderate,4050,18,vacation/others,bad
22,male,1,rent,quite rich,moderate,3084,30,radio/TV,good
19,male,2,rent,unknown,little,5046,36,car,bad
49,male,3,own,rich,little,1515,6,car,bad
29,male,2,own,little,unknown,3168,24,furniture/equipment,good
48,male,2,own,little,unknown,3502,12,car,bad
33,male,2,own,unknown,little,4205,24,car,bad
37,male,2,own,little,little,508,6,education,good
44,male,1,own,moderate,unknown,1128,18,radio/TV,good
41,male,3,free,little,little,3255,18,domestic appliances,bad
48,male,0,own,little,moderate,3537,24,repairs,bad
31,male,2,own,quite rich,unknown,468,6,furniture/equipment,good
27,male,2,rent,little,little,1126,12,business,bad
40,female,2,own,little,unknown,2662,18,car,good
47,female,2,own,little,moderate,4141,12,business,bad
60,female,2,own,little,unknown,932,6,furniture/equipment,good
30,male,1,own,little,little,1560,12,furniture/equipment,bad
32,male,1,own,unknown,unknown,2290,12,car,good
34,male,2,rent,rich,moderate,5419,18,business,good
45,male,2,own,little,little,4710,24,business,bad
46,male,2,own,moderate,little,622,6,radio/TV,bad
67,male,3,own,little,little,670,6,radio/TV,bad
58,male,3,own,little,moderate,986,6,furniture/equipment,bad
27,female,2,own,little,unknown,688,9,radio/TV,good
71,male,2,own,little,unknown,1480,24,radio/TV,bad
48,female,2,rent,unknown,unknown,1596,9,furniture/equipment,good
44,male,1,own,rich,unknown,250,6,radio/TV,good
29,male,2,own,unknown,rich,395,6,education,good
33,female,2,own,little,little,5114,24,car,bad
39,female,2,rent,quite rich,unknown,2949,24,car,good
37,female,2,free,quite rich,rich,1467,6,car,good
35,male,1,own,little,little,1317,6,furniture/equipment,bad
37,female,2,rent,little,unknown,994,12,radio/TV,good
28,male,2,own,moderate,unknown,4383,24,car,good
36,male,2,own,unknown,little,10163,36,car,bad
43,female,3,rent,unknown,little,10891,72,car,bad
47,male,1,own,little,unknown,1157,6,car,good
37,female,1,rent,moderate,rich,18424,72,car,bad
39,female,2,own,little,unknown,18424,72,business,bad
25,female,2,own,little,moderate,1662,6,car,good
41,female,2,own,little,unknown,6308,24,car,bad
35,male,2,own,moderate,unknown,1730,12,car,good
34,male,3,own,little,moderate,2411,18,radio/TV,good
45,male,1,rent,unknown,little,1529,6,car,bad
33,female,2,rent,little,moderate,433,9,radio/TV,bad
34,male,1,own,little,unknown,4140,24,car,bad
41,male,1,own,little,unknown,1510,12,radio/TV,bad
37,male,2,own,little,unknown,2673,24,radio/TV,good
57,male,2,own,unknown,little,4381,24,furniture/equipment,good
34,male,2,rent,unknown,unknown,1715,15,furniture/equipment,good
32,male,3,own,little,moderate,1213,6,car,good
37,male,2,own,little,moderate,1397,12,car,bad
49,female,2,free,unknown,rich,490,6,radio/TV,good
27,female,1,own,little,little,9254,36,business,bad
26,female,1,own,little,little,4847,36,furniture/equipment,bad
30,female,1,own,little,rich,863,6,vacation/others,bad
19,male,2,own,unknown,moderate,959,6,furniture/equipment,bad
31,male,1,rent,little,unknown,1852,12,education,bad
36,female,2,own,little,unknown,1849,12,furniture/equipment,bad
45,female,2,free,little,unknown,8978,36,car,bad
29,male,3,own,quite rich,unknown,1972,12,car,good
38,female,1,own,unknown,little,4259,48,radio/TV,bad
26,male,2,own,quite rich,unknown,10822,36,car,good
49,male,2,own,little,little,3515,24,furniture/equipment,bad
45,male,2,own,little,little,2867,24,radio/TV,good
34,female,2,own,unknown,moderate,1345,15,education,good
26,male,1,own,quite rich,little,2907,18,car,good
31,female,3,own,unknown,moderate,2509,18,furniture/equipment,good
29,male,2,rent,little,moderate,1151,6,furniture/equipment,bad
19,female,2,own,rich,unknown,1143,6,furniture/equipment,good
35,male,1,own,little,little,1248,6,car,bad
48,male,3,own,little,moderate,3074,18,car,bad
24,male,2,own,moderate,unknown,1483,30,radio/TV,good
37,male,3,own,little,moderate,3279,12,car,good
49,male,2,rent,unknown,little,3524,12,car,bad
34,female,2,own,little,rich,2173,12,education,good
55,female,2,rent,little,unknown,1206,6,radio/TV,bad
32,male,2,own,little,moderate,1719,36,radio/TV,bad
40,male,0,own,moderate,little,544,12,radio/TV,bad
34,male,2,own,little,little,3618,12,car,bad
34,male,2,own,unknown,moderate,4172,30,car,bad
19,female,3,own,little,moderate,2399,12,business,bad
24,male,2,rent,little,little,250,6,radio/TV,bad
26,female,1,own,little,unknown,2644,12,business,good
24,male,2,own,little,unknown,6995,72,furniture/equipment,good
65,female,2,own,little,unknown,1249,12,education,good
26,female,1,free,moderate,unknown,3154,12,car,bad
55,male,3,own,unknown,moderate,3842,18,car,good
38,female,2,own,little,unknown,1216,6,car,good
25,male,3,own,little,little,1053,6,radio/TV,bad
21,female,1,free,little,rich,1415,12,furniture/equipment,good
39,male,2,own,unknown,unknown,975,6,car,good
42,male,2,own,little,unknown,1087,6,education,good
26,female,2,own,little,unknown,1675,6,car,good
21,female,2,own,little,rich,1154,6,furniture/equipment,bad
50,male,3,own,little,unknown,1666,12,vacation/others,good
48,male,2,own,moderate,little,7626,36,car,bad
31,male,1,own,little,moderate,5918,48,car,bad
22,male,2,own,little,little,3279,30,car,bad
54,male,2,own,moderate,unknown,4873,24,car,good
25,female,2,own,unknown,little,2570,12,education,bad
29,male,3,own,little,rich,1138,18,repairs,good
20,female,2,own,little,little,2402,12,business,bad
52,female,3,own,unknown,little,1610,12,furniture/equipment,bad
37,male,2,own,little,rich,6651,30,car,bad
60,male,3,own,little,little,4972,42,radio/TV,bad
37,female,1,own,moderate,unknown,10838,36,car,bad
33,female,1,own,little,rich,5540,48,business,good
30,male,2,own,little,moderate,6381,36,car,bad
38,male,1,rent,unknown,rich,4919,24,furniture/equipment,good
23,male,3,own,moderate,little,4738,18,car,bad
30,male,2,own,little,little,856,12,radio/TV,bad
56,male,2,own,little,little,3265,18,radio/TV,bad
30,male,1,own,little,unknown,306,6,radio/TV,good
46,male,2,free,moderate,unknown,250,6,radio/TV,good
53,male,2,own,little,moderate,1086,12,radio/TV,bad
33,male,2,own,little,moderate,7247,24,business,bad
40,female,2,own,little,moderate,3031,24,vacation/others,good
50,female,2,rent,little,unknown,2100,18,radio/TV,bad
29,male,2,own,little,unknown,2435,15,business,bad
42,male,2,own,little,rich,2898,12,car,good
25,male,2,own,rich,unknown,2675,12,car,good
42,male,0,own,little,unknown,915,15,radio/TV,good
37,male,2,own,unknown,little,2735,18,radio/TV,bad
27,female,3,own,little,little,1368,18,radio/TV,bad
49,male,1,own,little,little,3969,24,education,bad
50,female,1,own,unknown,moderate,18288,72,car,bad
61,female,1,own,unknown,little,3091,24,radio/TV,bad
43,male,1,free,moderate,unknown,6413,48,education,bad
59,male,2,own,little,moderate,1285,12,education,bad
31,male,2,free,little,unknown,2141,12,business,bad
44,male,1,own,little,unknown,2962,24,business,good
31,female,2,own,little,unknown,4347,36,car,good
47,male,2,rent,unknown,unknown,2673,12,education,bad
37,male,2,own,unknown,moderate,2832,24,radio/TV,good
49,male,2,rent,quite rich,little,9329,36,car,bad
26,male,3,own,unknown,unknown,2879,12,car,good
38,male,0,own,unknown,moderate,4610,36,furniture/equipment,bad
21,male,3,own,little,unknown,1896,9,car,good
44,male,2,own,quite rich,moderate,567,6,education,good
38,male,0,free,unknown,unknown,667,6,radio/TV,good
50,male,2,rent,little,little,1921,12,vacation/others,bad
38,female,3,own,rich,moderate,1805,12,vacation/others,good
42,female,1,own,little,little,1936,30,furniture/equipment,bad
20,male,2,own,little,rich,4813,36,education,bad
40,male,3,own,little,moderate,1960,24,education,bad
41,female,1,rent,little,little,1690,36,repairs,bad
26,female,3,free,unknown,unknown,969,12,radio/TV,bad
26,female,1,own,little,unknown,1189,6,car,good
31,male,2,free,unknown,moderate,419,6,radio/TV,bad
49,female,2,rent,little,unknown,1127,12,radio/TV,good
29,male,1,own,unknown,moderate,2477,24,radio/TV,good
50,male,2,own,little,unknown,1640,24,radio/TV,bad
35,male,2,own,little,little,2442,12,education,bad
23,female,1,rent,little,unknown,6053,36,car,bad
22,female,2,free,quite rich,rich,6672,36,business,bad
43,female,2,own,little,unknown,3488,12,car,good
29,female,3,own,quite rich,unknown,4582,24,car,good
46,male,2,own,quite rich,rich,1101,9,radio/TV,good
31,female,2,own,unknown,moderate,400,9,car,bad
42,female,2,own,unknown,rich,4092,24,radio/TV,good
39,male,2,own,unknown,little,3341,15,education,bad
40,female,1,rent,unknown,little,2137,24,furniture/equipment,bad
35,male,2,own,unknown,unknown,1304,6,furniture/equipment,bad
39,male,2,own,moderate,little,7767,42,furniture/equipment,bad
37,male,2,own,moderate,moderate,3485,30,car,bad
19,male,2,own,little,rich,855,6,furniture/equipment,bad
35,female,0,own,quite rich,moderate,1338,12,radio/TV,good
26,male,1,rent,little,little,1230,6,furniture/equipment,bad
63,male,2,rent,little,moderate,558,12,radio/TV,bad
54,male,1,rent,unknown,unknown,4889,24,business,good
37,female,2,own,unknown,little,1687,12,furniture/equipment,good
28,male,2,own,little,unknown,6621,42,furniture/equipment,bad
26,male,2,own,unknown,unknown,2695,9,business,good
30,male,2,own,quite rich,moderate,1001,15,radio/TV,good
50,male,1,own,rich,moderate,1199,6,car,good
25,male,2,own,unknown,unknown,1864,12,domestic appliances,good
22,female,3,own,rich,unknown,6755,60,radio/TV,good
48,female,2,rent,little,unknown,1489,18,radio/TV,good
29,male,1,own,little,little,3298,36,furniture/equipment,bad
47,male,2,own,little,moderate,2203,12,radio/TV,bad
22,male,3,rent,little,unknown,10942,48,business,bad
41,female,2,own,little,moderate,1669,6,business,bad
46,male,2,rent,little,little,384,9,radio/TV,bad
58,female,2,free,little,little,606,6,business,bad
66,male,1,own,little,unknown,572,6,radio/TV,bad
48,female,3,own,little,moderate,6554,48,furniture/equipment,bad
36,male,3,own,little,moderate,383,6,radio/TV,good
44,male,2,own,little,unknown,591,6,domestic appliances,good
58,male,1,free,little,little,5557,72,radio/TV,bad
23,male,2,own,unknown,unknown,3690,24,furniture/equipment,good
52,male,2,rent,little,moderate,3651,24,furniture/equipment,bad
37,female,2,own,little,little,5889,48,radio/TV,bad
34,male,2,rent,little,unknown,3571,36,furniture/equipment,good
38,female,2,own,unknown,unknown,1566,12,furniture/equipment,bad
29,male,2,own,little,moderate,1350,12,education,bad
30,female,2,own,quite rich,unknown,1763,24,radio/TV,good
49,male,2,own,little,little,250,6,repairs,bad
29,male,2,own,little,moderate,1539,12,furniture/equipment,bad
36,female,3,rent,little,unknown,1331,12,education,good
42,female,2,rent,little,moderate,4363,36,car,bad
60,male,2,own,little,rich,1188,6,business,good
39,male,1,own,little,little,4803,24,furniture/equipment,bad
30,male,2,rent,little,unknown,821,6,furniture/equipment,bad
19,male,1,own,rich,little,3975,24,radio/TV,good
28,male,1,own,little,little,2030,18,radio/TV,bad
26,male,2,own,moderate,moderate,757,6,vacation/others,good
27,female,3,free,little,unknown,17473,60,car,bad
25,male,2,rent,quite rich,moderate,1211,24,radio/TV,good
50,male,3,own,little,moderate,1775,12,car,good
37,male,2,rent,unknown,moderate,1429,12,furniture/equipment,good
41,female,2,own,little,little,7043,36,business,bad
48,male,1,rent,little,little,743,6,radio/TV,bad
49,male,2,own,little,little,3944,24,car,bad
38,male,1,own,unknown,unknown,6281,24,car,good
24,male,2,rent,little,unknown,717,6,education,bad
39,female,1,own,quite rich,moderate,1161,6,business,good
26,female,2,own,little,unknown,2081,12,education,bad
42,female,1,own,unknown,little,804,12,repairs,bad
39,male,1,own,little,unknown,250,6,radio/TV,good
23,female,2,own,little,unknown,4505,15,car,good
43,female,3,own,moderate,unknown,4765,24,vacation/others,good
39,male,2,own,little,unknown,1100,6,business,good
26,male,2,own,quite rich,little,2122,12,furniture/equipment,good
44,male,1,own,unknown,little,6960,36,car,good
44,male,3,free,little,moderate,334,6,radio/TV,good
37,male,2,own,unknown,unknown,2651,15,education,good
41,female,2,own,little,unknown,1368,15,radio/TV,good
25,female,2,rent,little,unknown,1612,6,car,bad
52,male,2,own,little,little,250,6,repairs,bad
27,male,2,own,little,unknown,2060,18,furniture/equipment,bad
28,male,2,own,little,unknown,3285,24,car,good
42,male,2,own,unknown,unknown,1741,9,furniture/equipment,good
32,female,2,free,little,unknown,4321,24,car,good
27,male,1,own,unknown,unknown,2718,24,furniture/equipment,good
43,male,3,own,moderate,little,4454,36,car,bad
27,male,3,own,quite rich,unknown,327,12,radio/TV,good
33,female,2,own,little,unknown,1874,18,car,good
52,male,2,rent,unknown,moderate,7276,36,domestic appliances,bad
36,female,2,rent,little,unknown,1253,6,business,bad
43,male,0,free,little,little,1545,30,radio/TV,bad
24,male,2,own,moderate,moderate,1672,6,car,good
40,male,3,own,little,unknown,1890,18,radio/TV,good
32,male,2,own,little,moderate,1373,6,business,bad
42,male,2,rent,little,unknown,4122,36,radio/TV,bad
42,male,1,own,quite rich,little,2372,12,furniture/equipment,good
73,male,2,rent,unknown,moderate,3339,24,furniture/equipment,bad
40,male,2,free,little,little,1060,12,furniture/equipment,good
52,male,2,own,little,unknown,1143,18,radio/TV,good
42,male,3,own,unknown,moderate,1125,6,car,bad
45,male,3,free,little,unknown,8904,60,car,bad
19,male,1,own,unknown,unknown,2151,12,car,good
49,male,1,own,little,moderate,1608,12,business,good
49,female,1,own,little,unknown,1291,6,domestic appliances,bad
28,female,2,own,unknown,little,1561,15,education,good
75,male,1,own,moderate,little,1245,6,car,bad
28,male,1,own,unknown,little,1757,6,car,good
28,female,3,own,little,little,3290,24,car,good
21,male,2,own,little,moderate,1617,30,radio/TV,bad
38,male,1,rent,quite rich,little,10979,60,furniture/equipment,bad
51,male,3,own,little,moderate,10869,36,car,bad
30,male,2,rent,moderate,little,1084,6,car,bad
35,male,2,own,moderate,unknown,853,6,radio/TV,good
28,male,3,own,little,rich,2044,9,car,good
34,female,2,own,little,unknown,2703,12,furniture/equipment,good
32,female,3,own,little,unknown,3492,24,education,good
24,male,2,own,rich,moderate,10763,42,car,bad
34,male,1,own,little,rich,623,6,furniture/equipment,good
20,male,2,own,quite rich,little,2717,24,radio/TV,good
35,male,1,own,unknown,rich,5173,18,car,good
33,male,2,free,moderate,little,1743,18,furniture/equipment,bad
43,male,2,own,little,unknown,8229,36,business,bad
40,male,2,own,moderate,rich,2558,12,car,good
43,female,2,own,little,moderate,4085,36,business,good
32,male,2,own,unknown,little,1848,12,furniture/equipment,good
24,female,2,free,little,little,1786,24,radio/TV,bad
26,female,3,rent,little,unknown,2821,18,car,bad
36,female,1,own,little,unknown,9473,72,furniture/equipment,bad
45,female,1,own,little,little,1964,12,furniture/equipment,bad
37,male,1,free,rich,unknown,8700,42,car,bad
34,male,1,own,little,unknown,701,12,radio/TV,good
32,male,2,own,little,unknown,1662,24,radio/TV,bad
40,male,0,own,rich,unknown,6866,24,business,good
28,male,2,rent,quite rich,unknown,306,9,radio/TV,good
34,male,2,own,unknown,rich,6941,36,business,good
36,male,2,free,little,moderate,1884,12,radio/TV,bad
28,male,0,rent,quite rich,moderate,836,18,radio/TV,good
37,female,2,own,little,rich,920,12,radio/TV,good
29,female,3,rent,little,unknown,3301,24,furniture/equipment,bad
36,male,3,rent,little,little,1805,18,radio/TV,bad
39,male,1,own,little,unknown,662,6,education,good
75,male,2,own,quite rich,little,825,6,furniture/equipment,good
23,male,2,own,little,unknown,2447,18,car,good
44,female,2,own,unknown,little,4378,36,furniture/equipment,bad
21,male,2,own,little,little,5503,24,education,bad
23,male,2,own,little,moderate,4458,18,car,bad
28,female,2,own,little,moderate,1567,9,furniture/equipment,good
54,male,2,own,little,unknown,1803,12,education,good
45,female,2,own,unknown,little,866,12,radio/TV,bad
27,male,2,rent,little,unknown,1341,6,furniture/equipment,good
47,male,2,free,little,little,17388,72,car,bad
38,female,2,own,little,moderate,1299,12,radio/TV,bad
31,male,2,rent,unknown,unknown,4399,36,radio/TV,bad
32,male,2,rent,little,unknown,846,12,radio/TV,good
21,female,2,rent,little,unknown,2299,12,education,bad
51,male,2,own,little,little,1349,12,furniture/equipment,bad
40,female,1,own,rich,moderate,2947,18,radio/TV,good
44,male,2,own,little,unknown,756,6,furniture/equipment,good
23,male,3,free,little,little,250,6,radio/TV,good
37,female,2,own,little,unknown,5604,36,radio/TV,bad
27,male,2,own,little,rich,1668,12,repairs,good
31,male,1,rent,little,unknown,2377,42,radio/TV,bad
46,male,2,own,unknown,unknown,702,6,furniture/equipment,good
42,male,1,own,moderate,little,1206,15,radio/TV,good
23,male,1,own,little,moderate,1383,6,business,bad
29,male,1,own,moderate,unknown,1698,6,car,good
32,male,2,own,little,unknown,3077,24,business,bad
30,female,1,rent,little,moderate,3276,24,radio/TV,good
31,male,2,free,moderate,moderate,1354,15,radio/TV,good
37,male,2,own,little,unknown,7833,30,car,bad
33,male,2,own,little,unknown,2100,18,radio/TV,good
24,male,2,own,little,unknown,441,6,car,bad
33,male,2,own,little,moderate,5094,24,business,good
25,female,2,own,little,little,1788,12,vacation/others,bad
30,male,2,own,little,moderate,2161,6,car,bad
35,female,1,own,little,unknown,1831,6,car,bad
38,female,3,free,little,unknown,1658,15,car,bad
59,male,2,own,little,moderate,2328,24,radio/TV,good
29,male,2,own,little,unknown,10119,42,car,bad
36,male,2,rent,little,little,761,6,business,bad
45,female,2,rent,unknown,moderate,741,6,radio/TV,good
33,female,1,own,unknown,moderate,5297,48,furniture/equipment,bad
27,male,1,own,quite rich,unknown,1674,6,car,good
31,female,2,rent,little,moderate,5641,36,car,bad
52,male,2,own,little,unknown,1475,6,furniture/equipment,good
34,male,2,own,unknown,moderate,3136,24,car,good
20,male,2,rent,rich,little,4280,18,business,bad
26,male,1,rent,little,little,1662,6,car,bad
36,male,2,own,rich,moderate,1427,18,radio/TV,good
34,female,3,free,little,little,1106,12,education,bad
36,male,2,own,unknown,unknown,710,6,furniture/equipment,good
41,male,2,rent,unknown,little,924,6,business,bad
30,male,1,own,little,unknown,627,12,radio/TV,good
41,male,1,own,unknown,moderate,806,6,radio/TV,good
31,male,2,own,little,unknown,2036,15,car,good
41,male,2,own,moderate,little,6918,36,furniture/equipment,bad
36,female,1,free,little,moderate,5035,48,furniture/equipment,bad
38,male,2,own,little,little,10260,36,car,bad
33,male,2,own,little,unknown,3261,15,car,bad
75,male,2,own,unknown,moderate,3580,24,radio/TV,good
19,male,3,own,little,rich,2370,18,car,good
19,male,2,own,moderate,little,770,6,radio/TV,bad
29,female,2,own,little,little,646,6,vacation/others,bad
37,male,1,own,unknown,unknown,920,12,radio/TV,good
43,male,3,own,little,moderate,1919,18,furniture/equipment,bad
19,male,2,own,moderate,moderate,1879,12,furniture/equipment,good
29,male,2,own,little,little,1184,6,business,bad
27,male,2,own,quite rich,rich,1021,12,radio/TV,good
19,female,3,own,little,little,953,12,radio/TV,bad
35,female,2,own,little,unknown,2113,15,radio/TV,bad
56,female,2,own,little,moderate,7404,48,furniture/equipment,bad
42,male,2,own,little,unknown,1534,30,radio/TV,bad
49,male,3,own,little,unknown,3280,12,business,bad
50,male,2,own,quite rich,moderate,2058,12,car,bad
21,male,2,rent,quite rich,unknown,503,6,furniture/equipment,good
34,male,1,rent,little,unknown,3637,15,car,bad
38,male,2,own,unknown,unknown,10304,36,car,bad
55,female,1,own,little,little,5924,24,car,bad
27,male,1,own,moderate,moderate,7519,30,car,good
26,male,3,own,little,unknown,4404,36,education,good
33,male,2,own,little,moderate,1243,12,radio/TV,good
63,female,2,rent,little,little,3505,12,car,bad
47,male,2,own,unknown,unknown,250,6,radio/TV,good
45,male,2,own,moderate,moderate,250,6,radio/TV,good
36,female,2,rent,moderate,moderate,2990,18,car,bad
36,male,2,rent,little,unknown,4904,18,car,good
37,male,1,free,little,unknown,1309,12,furniture/equipment,good
56,male,3,own,little,unknown,3456,12,car,good
49,male,2,own,little,rich,1813,12,car,good
43,male,3,own,unknown,moderate,4959,24,vacation/others,bad
37,male,2,free,little,moderate,854,9,radio/TV,bad
41,male,1,rent,little,moderate,2931,24,car,bad
34,male,2,own,quite rich,little,1125,6,business,good
58,male,2,own,little,little,2028,12,car,bad
35,male,2,free,little,moderate,2370,42,radio/TV,bad
28,male,1,own,moderate,unknown,654,6,radio/TV,good
33,male,1,rent,unknown,little,1085,18,radio/TV,good
48,female,2,own,little,moderate,2542,12,car,bad
54,male,2,own,unknown,little,5851,36,furniture/equipment,bad
47,male,2,rent,moderate,unknown,1409,12,furniture/equipment,good
29,male,2,own,little,little,493,6,radio/TV,bad
31,female,3,own,little,unknown,2325,15,furniture/equipment,good
35,male,2,own,little,moderate,1364,12,furniture/equipment,good
44,female,2,own,unknown,rich,4323,72,radio/TV,good
28,male,2,rent,little,moderate,1512,12,radio/TV,good
29,male,1,free,little,unknown,5508,24,business,bad
52,male,1,own,little,moderate,359,6,furniture/equipment,bad
29,male,2,free,little,unknown,2188,18,radio/TV,good
31,male,1,rent,little,little,823,6,furniture/equipment,good
36,female,2,own,unknown,moderate,1736,24,radio/TV,bad
40,male,1,own,rich,unknown,1130,9,furniture/equipment,good
46,male,2,own,little,unknown,4903,42,radio/TV,bad
24,female,2,own,little,unknown,3565,24,furniture/equipment,good
30,male,3,own,unknown,unknown,914,9,furniture/equipment,good
43,male,2,own,little,unknown,7156,48,radio/TV,bad
33,male,2,own,little,unknown,3145,24,radio/TV,good
19,male,2,own,little,unknown,1634,18,radio/TV,bad
32,female,2,rent,little,unknown,250,6,car,bad
33,male,2,free,quite rich,little,10399,48,business,bad
30,male,1,own,little,unknown,1758,18,vacation/others,good
21,female,2,own,little,unknown,1409,12,car,good
31,male,2,own,moderate,moderate,2868,18,radio/TV,good
39,male,1,own,unknown,moderate,2347,12,education,bad
30,male,3,own,little,moderate,2342,12,car,good
36,female,1,own,little,moderate,1633,9,furniture/equipment,good
28,male,2,own,little,little,8565,42,car,bad
24,female,2,own,little,moderate,890,6,education,bad
27,female,2,own,little,little,1071,24,radio/TV,bad
32,male,2,own,little,moderate,6261,36,car,bad
39,male,1,own,little,little,3553,18,furniture/equipment,good
49,male,1,rent,moderate,little,3362,18,furniture/equipment,bad
50,female,3,own,moderate,moderate,2462,9,business,bad
28,female,0,own,little,unknown,3640,18,car,good
31,male,2,own,little,moderate,5144,36,vacation/others,bad
41,male,2,free,moderate,little,1385,24,radio/TV,good
30,female,2,own,little,little,1476,18,radio/TV,bad
35,male,2,own,little,unknown,3737,24,car,good
42,male,2,own,unknown,unknown,2675,12,furniture/equipment,good
33,female,2,own,rich,unknown,6043,24,car,bad
29,male,2,rent,little,unknown,1657,18,car,bad
52,female,1,own,little,moderate,706,6,car,good
20,male,2,own,little,little,1233,6,radio/TV,good
27,male,2,free,little,rich,3223,24,radio/TV,good
48,male,2,rent,unknown,moderate,1598,9,business,bad
39,male,2,own,unknown,moderate,1371,6,furniture/equipment,bad
28,male,0,own,little,little,1314,18,vacation/others,good
27,female,2,own,little,unknown,962,12,furniture/equipment,good
30,male,3,own,rich,unknown,1244,6,radio/TV,good
45,female,2,free,unknown,moderate,250,6,car,bad
39,male,1,rent,quite rich,little,3551,12,car,good
32,female,2,own,little,little,2957,42,radio/TV,good
40,female,2,own,little,moderate,3522,18,education,bad
49,male,2,rent,moderate,moderate,741,12,radio/TV,bad
52,male,1,own,rich,unknown,1604,12,car,good
38,male,3,own,moderate,unknown,1406,12,car,bad
36,female,1,own,little,moderate,3810,30,car,good
20,male,3,own,little,unknown,1780,12,business,bad
45,female,1,own,little,moderate,649,9,radio/TV,bad
44,female,2,own,moderate,unknown,1824,18,radio/TV,good
19,male,2,own,quite rich,unknown,1044,12,radio/TV,good
49,male,3,free,little,little,1408,18,repairs,good
45,male,2,own,little,little,2232,15,furniture/equipment,bad
27,female,2,own,little,moderate,857,9,furniture/equipment,bad
19,male,2,own,little,moderate,1163,15,radio/TV,bad
22,female,1,own,unknown,unknown,765,12,radio/TV,good
45,male,1,own,rich,little,337,6,car,bad
36,male,2,own,little,moderate,5414,18,car,good
36,male,2,own,little,unknown,1947,12,furniture/equipment,good
48,female,2,own,moderate,unknown,2156,12,furniture/equipment,good
32,male,1,own,little,little,10319,60,car,bad
46,male,2,own,little,moderate,1430,6,radio/TV,bad
28,male,1,own,little,unknown,1194,15,business,good
24,male,3,own,rich,unknown,1181,12,radio/TV,good
47,female,1,free,little,unknown,1779,15,furniture/equipment,good
19,male,2,free,little,little,1845,18,car,bad
52,female,2,own,unknown,unknown,705,6,car,good
20,female,2,own,quite rich,rich,6683,72,furniture/equipment,bad
26,female,2,own,little,moderate,2139,18,radio/TV,bad
40,male,2,free,little,rich,6952,24,business,good
25,male,1,free,little,little,1296,6,car,bad
54,male,2,rent,moderate,little,2901,12,car,bad
24,male,0,free,little,little,735,12,furniture/equipment,bad
43,female,2,rent,moderate,moderate,592,15,radio/TV,bad
43,male,2,own,unknown,moderate,5800,24,business,good
34,male,3,rent,rich,unknown,2611,30,radio/TV,good
24,male,1,own,unknown,little,10937,60,car,bad
21,male,2,own,moderate,little,3072,12,business,good
44,male,3,rent,unknown,little,2879,18,car,bad
32,male,3,own,unknown,little,5327,24,car,good
55,male,1,own,little,moderate,2174,24,radio/TV,bad
41,female,2,own,little,little,2670,18,car,bad
35,male,2,own,little,little,2233,12,vacation/others,bad
33,male,2,own,little,moderate,2236,30,furniture/equipment,bad
26,male,3,own,little,moderate,1515,12,furniture/equipment,good
27,male,2,own,quite rich,little,3841,12,car,bad
37,male,1,own,little,unknown,3019,12,car,good
30,female,2,own,little,unknown,2674,15,business,good
51,male,1,rent,quite rich,moderate,5772,24,car,bad
38,male,2,own,quite rich,moderate,1683,18,radio/TV,bad
33,male,2,own,unknown,moderate,2174,24,radio/TV,good
35,male,2,own,unknown,little,2702,15,car,bad
43,male,3,free,unknown,unknown,6443,48,furniture/equipment,bad
38,female,3,own,quite rich,moderate,1641,12,radio/TV,good
25,male,1,free,little,unknown,2205,18,furniture/equipment,good
25,male,2,own,little,unknown,6734,24,car,good
42,female,2,rent,little,moderate,533,6,education,bad
38,male,2,own,little,moderate,4081,24,furniture/equipment,bad
43,female,2,free,little,unknown,3232,12,car,good
33,female,1,own,moderate,unknown,2331,12,car,good
45,female,1,own,little,moderate,2307,24,radio/TV,bad
60,female,2,rent,little,little,2924,24,radio/TV,bad
36,male,3,own,little,little,2101,12,education,bad
47,male,1,rent,little,moderate,1117,6,furniture/equipment,bad
26,male,2,own,little,unknown,1697,18,furniture/equipment,bad
49,male,3,rent,little,unknown,1972,9,car,good
34,male,2,free,unknown,unknown,4070,18,car,bad
26,male,2,own,little,little,1570,6,furniture/equipment,bad
28,male,2,own,unknown,unknown,5429,30,furniture/equipment,good
31,male,2,own,little,unknown,2964,18,vacation/others,good
32,male,3,rent,unknown,unknown,791,9,business,good
23,female,1,rent,moderate,moderate,3668,18,car,good
34,female,2,rent,little,little,3329,12,business,bad
33,male,2,own,little,moderate,5471,18,business,good
31,male,2,own,little,little,1844,12,furniture/equipment,bad
40,male,2,own,little,little,563,6,furniture/equipment,bad
20,male,2,own,little,unknown,4241,24,car,good
25,male,2,rent,little,unknown,316,9,education,good
24,male,1,own,little,moderate,1199,24,radio/TV,bad
34,female,2,own,unknown,unknown,10544,48,furniture/equipment,good
29,male,2,own,moderate,unknown,1268,12,radio/TV,good
29,female,2,own,little,little,1002,6,furniture/equipment,bad
43,male,2,free,little,moderate,1778,15,car,bad
24,male,1,own,little,little,5160,24,car,bad
47,male,2,free,moderate,little,1860,12,furniture/equipment,good
28,male,2,own,little,moderate,749,6,furniture/equipment,good
35,male,3,rent,moderate,unknown,4617,18,car,bad
50,female,2,own,little,unknown,660,6,business,bad
39,male,2,rent,quite rich,little,372,6,radio/TV,good
29,male,2,own,rich,moderate,1660,12,radio/TV,good
49,male,2,own,rich,little,1258,15,radio/TV,good
39,female,2,free,little,unknown,1768,9,business,bad
34,male,2,own,little,rich,2732,24,business,good
37,male,1,free,little,moderate,250,6,radio/TV,good
27,female,2,own,little,moderate,2448,18,radio/TV,bad
47,male,2,own,little,little,852,9,radio/TV,good
19,male,2,own,little,moderate,1009,6,car,good
34,male,2,own,little,moderate,6900,36,car,bad
45,male,2,own,rich,unknown,488,6,radio/TV,good
33,male,2,own,unknown,little,250,12,radio/TV,good
30,female,2,rent,quite rich,little,544,6,repairs,good
47,male,2,rent,moderate,unknown,408,6,radio/TV,good
28,male,2,rent,little,little,3379,24,business,bad
32,male,3,own,little,unknown,3760,24,radio/TV,bad
37,female,2,own,little,unknown,2249,18,furniture/equipment,good
31,female,3,own,rich,little,910,18,radio/TV,bad
29,male,2,free,moderate,moderate,5353,24,business,good
44,female,2,free,little,little,5138,24,car,bad
53,male,2,own,quite rich,unknown,2330,18,radio/TV,good
32,male,3,own,unknown,little,4309,30,radio/TV,good
36,male,2,own,little,unknown,4543,48,furniture/equipment,bad
36,female,2,own,little,moderate,4010,30,radio/TV,bad
27,male,1,free,little,moderate,457,6,car,bad
36,female,2,own,little,moderate,3979,30,business,bad
46,female,1,rent,quite rich,unknown,658,6,radio/TV,good
42,male,2,free,little,unknown,1654,18,radio/TV,good
54,male,1,own,little,moderate,1588,6,business,good
29,female,3,rent,little,little,3281,24,radio/TV,bad
24,female,1,own,moderate,moderate,967,12,radio/TV,good
24,male,2,own,little,unknown,3812,18,car,good
23,male,2,rent,little,unknown,4392,30,radio/TV,bad
24,male,2,own,unknown,unknown,5473,30,car,bad
23,male,2,own,unknown,unknown,1011,12,domestic appliances,good
38,male,3,own,moderate,unknown,2613,12,car,bad
28,male,2,own,little,little,4376,36,radio/TV,bad
32,male,3,rent,unknown,unknown,1429,6,furniture/equipment,bad
33,male,2,rent,moderate,little,1657,12,radio/TV,bad
22,male,2,own,little,little,3026,24,radio/TV,bad
32,male,3,free,rich,unknown,7179,48,education,bad
27,male,2,own,moderate,unknown,975,6,furniture/equipment,good
36,female,2,own,quite rich,little,1570,12,radio/TV,bad
34,male,2,own,little,little,925,6,radio/TV,bad
49,male,2,own,little,unknown,7351,24,car,bad
55,male,2,own,little,little,5005,15,car,bad
32,male,2,rent,little,unknown,1265,6,furniture/equipment,bad
19,male,2,free,unknown,rich,945,6,car,bad
31,male,2,own,little,moderate,3338,24,radio/TV,bad
33,male,2,own,little,unknown,1167,12,business,good
23,male,3,rent,rich,little,814,12,radio/TV,bad
37,female,1,own,moderate,unknown,3623,24,furniture/equipment,good
35,male,1,own,quite rich,unknown,1555,24,radio/TV,good
28,male,2,rent,little,unknown,2893,12,car,bad
25,male,2,own,unknown,little,3786,12,car,bad
40,male,2,rent,little,unknown,1231,6,car,bad
34,male,2,own,little,unknown,2851,30,radio/TV,good
27,male,2,free,unknown,little,575,6,radio/TV,bad
45,male,2,own,unknown,unknown,2190,12,furniture/equipment,good
22,female,2,free,little,unknown,1890,9,car,bad
47,female,1,own,little,moderate,1042,18,radio/TV,good
37,male,2,own,little,moderate,6602,24,business,bad
28,male,3,own,little,rich,1394,12,car,good
30,female,3,free,unknown,little,2581,18,furniture/equipment,good
41,male,2,free,little,little,3822,24,car,good
36,female,1,own,unknown,unknown,2257,18,business,good
31,male,2,own,little,little,329,6,radio/TV,bad
30,male,1,rent,rich,little,1837,18,education,bad
31,male,2,rent,unknown,moderate,2555,12,car,bad
45,male,2,own,quite rich,unknown,3097,24,vacation/others,good
28,female,3,rent,unknown,unknown,2218,18,furniture/equipment,good
36,female,3,own,little,moderate,7300,36,furniture/equipment,bad
44,female,2,own,little,moderate,608,12,furniture/equipment,good
30,male,3,own,little,little,510,6,radio/TV,bad
32,male,1,own,little,unknown,3597,18,education,bad
44,male,2,own,little,unknown,4260,24,furniture/equipment,good
44,female,2,own,rich,rich,909,6,radio/TV,good
45,male,1,own,little,little,3808,12,car,good
36,male,1,own,little,rich,6368,36,car,good
33,male,3,own,little,little,4488,18,car,good
36,male,2,free,unknown,unknown,14145,72,business,bad
41,male,2,own,unknown,unknown,2056,12,radio/TV,good
42,male,2,own,little,little,1131,9,radio/TV,good
37,female,3,own,quite rich,little,2514,36,furniture/equipment,bad
36,male,2,own,unknown,unknown,4235,18,car,good
27,male,2,own,unknown,moderate,7389,36,car,good
37,male,1,free,unknown,unknown,8276,42,car,bad
25,male,2,own,little,unknown,2186,12,furniture/equipment,bad
38,female,1,own,little,little,2658,12,car,good
29,male,2,own,little,moderate,1118,6,radio/TV,bad
32,female,2,free,little,unknown,4672,60,furniture/equipment,bad
27,male,2,own,little,rich,1874,12,education,bad
40,male,3,own,little,moderate,6273,36,furniture/equipment,bad
40,male,1,rent,little,little,1562,18,radio/TV,bad
60,female,3,own,little,moderate,3499,24,car,good
41,male,2,own,little,unknown,1558,12,radio/TV,good
47,male,2,own,little,little,1095,9,radio/TV,bad
26,female,2,rent,little,little,2006,12,radio/TV,bad
46,male,2,own,little,unknown,7189,48,radio/TV,bad
42,male,2,rent,little,unknown,3877,24,car,bad
36,male,1,free,little,unknown,1100,6,furniture/equipment,bad
34,male,3,own,unknown,unknown,1420,12,furniture/equipment,good
49,male,3,free,little,moderate,3331,18,furniture/equipment,bad
19,female,2,free,little,little,3916,24,furniture/equipment,bad
28,female,2,own,little,little,3642,18,business,bad
31,male,2,rent,little,unknown,650,6,radio/TV,bad
22,male,2,own,little,unknown,3823,12,car,bad
35,male,2,own,unknown,unknown,1197,12,radio/TV,good
47,male,1,rent,little,unknown,1279,12,furniture/equipment,good
53,male,1,free,little,little,1359,12,radio/TV,bad
55,male,3,own,unknown,little,5678,36,car,bad
25,male,2,free,little,little,7358,48,car,bad
44,female,2,free,quite rich,moderate,2430,12,car,bad
34,male,1,rent,moderate,unknown,3869,12,car,good
45,male,2,own,little,rich,1860,12,education,good
41,female,2,rent,unknown,unknown,1694,6,business,good
54,male,2,own,little,unknown,5242,48,radio/TV,bad
52,female,2,own,moderate,unknown,1937,12,car,good
42,male,1,own,rich,unknown,4441,24,furniture/equipment,bad
75,female,2,own,little,little,4780,36,furniture/equipment,bad
53,male,2,own,little,little,3011,12,car,bad
19,male,2,free,rich,little,5297,30,furniture/equipment,good
37,male,3,rent,little,unknown,3231,24,radio/TV,bad
31,male,2,own,unknown,unknown,2053,9,car,good
28,male,2,rent,little,moderate,5477,24,business,bad
42,male,3,own,unknown,unknown,3156,24,domestic appliances,good
30,female,3,own,moderate,moderate,1285,6,furniture/equipment,good
27,male,2,rent,rich,moderate,7099,24,car,good
40,female,2,own,unknown,unknown,2231,18,radio/TV,good
40,male,2,own,moderate,unknown,1266,12,radio/TV,good
28,male,3,own,little,unknown,1748,12,car,good
21,male,1,rent,little,moderate,2502,12,car,good
40,male,2,own,unknown,little,2733,24,furniture/equipment,bad
32,male,3,own,little,little,4375,24,business,bad
38,male,3,own,quite rich,unknown,3394,12,business,good
25,male,2,own,little,unknown,1740,12,business,bad
41,male,1,own,little,moderate,3815,12,car,bad
20,female,1,free,little,moderate,2813,24,car,bad
26,male,1,own,little,moderate,933,6,radio/TV,bad
26,female,1,own,little,moderate,6062,48,repairs,bad
33,male,1,free,little,moderate,1646,24,radio/TV,bad
46,male,1,rent,little,moderate,7031,48,radio/TV,bad
31,male,3,own,little,moderate,10830,42,car,bad
38,female,2,rent,little,little,12329,42,car,bad
28,female,2,free,little,unknown,3674,24,furniture/equipment,good
49,male,2,own,unknown,unknown,2691,12,furniture/equipment,good
38,male,2,own,little,unknown,2970,18,furniture/equipment,good
33,male,2,own,little,moderate,3360,18,education,bad
35,female,2,rent,little,little,7216,24,car,bad
39,female,2,own,unknown,unknown,1848,12,car,good
34,female,2,own,unknown,little,1021,6,car,bad
34,female,3,own,little,unknown,2455,24,furniture/equipment,good
53,male,1,free,little,unknown,3588,30,radio/TV,bad
34,male,2,own,little,moderate,2069,12,furniture/equipment,good
43,male,2,own,little,moderate,1714,12,vacation/others,good
31,female,1,own,little,little,4551,24,car,bad
54,female,3,own,little,little,3346,30,radio/TV,bad
35,female,1,free,little,moderate,6822,24,business,bad
42,female,2,own,little,moderate,4623,24,domestic appliances,good
22,male,2,rent,unknown,little,3053,12,car,bad
32,male,2,own,quite rich,moderate,858,6,furniture/equipment,good
52,male,2,own,little,unknown,1933,6,car,good
25,male,3,own,little,unknown,4305,24,car,good
34,female,2,own,rich,moderate,731,12,radio/TV,good
20,male,2,own,little,unknown,484,6,radio/TV,bad
42,female,2,own,little,unknown,2826,12,business,good
30,male,2,free,unknown,moderate,1132,12,car,good
22,male,2,own,little,unknown,16298,72,car,bad
26,female,2,own,unknown,unknown,1779,36,radio/TV,good
20,male,2,own,little,little,833,15,radio/TV,bad
27,male,2,own,little,unknown,11702,42,business,bad
51,male,2,own,little,little,954,6,car,bad
73,male,2,own,moderate,little,1111,12,education,good
57,male,1,rent,little,moderate,4120,24,furniture/equipment,bad
30,male,2,own,unknown,unknown,4456,36,radio/TV,bad
28,male,2,rent,unknown,unknown,1718,12,furniture/equipment,good
28,male,1,own,little,little,535,12,radio/TV,bad
44,female,2,own,little,unknown,3500,18,car,good
34,female,0,free,little,moderate,1161,12,business,bad
30,male,3,free,little,unknown,1836,18,radio/TV,bad
29,female,2,free,moderate,moderate,5830,42,car,bad
52,male,2,rent,unknown,moderate,435,6,radio/TV,good
42,female,2,free,little,unknown,5092,24,car,bad
31,male,2,rent,quite rich,unknown,782,6,radio/TV,good
32,female,2,own,moderate,unknown,7637,36,business,bad
19,male,0,rent,little,little,898,6,education,bad
27,male,2,own,unknown,unknown,3665,24,radio/TV,good
42,male,0,free,moderate,little,1281,12,business,good
42,male,3,own,little,moderate,1080,6,radio/TV,bad
41,female,2,own,little,little,2400,30,radio/TV,bad
38,male,2,free,little,little,9938,48,car,bad
45,female,2,own,little,rich,1287,12,furniture/equipment,good
26,male,3,own,unknown,moderate,1426,18,radio/TV,bad
31,female,3,own,little,unknown,1634,12,radio/TV,bad
39,male,2,own,unknown,moderate,3396,12,business,good
52,male,2,own,unknown,little,4009,48,radio/TV,bad
38,female,2,own,little,moderate,2380,18,furniture/equipment,good
30,male,1,own,little,unknown,11556,60,furniture/equipment,bad
32,male,2,own,quite rich,unknown,4228,18,furniture/equipment,good
31,male,2,free,little,moderate,1357,12,vacation/others,good
58,male,3,own,little,little,1379,9,car,bad
24,male,2,own,little,moderate,4704,36,radio/TV,bad
27,male,2,free,rich,moderate,1397,9,car,good
42,male,2,free,little,moderate,3567,15,car,good
22,male,3,own,unknown,unknown,742,6,furniture/equipment,good
26,female,2,own,unknown,unknown,1402,24,repairs,bad
21,male,2,own,little,little,1307,6,car,bad
39,male,2,own,little,moderate,2270,12,car,good
26,male,3,own,moderate,little,7674,36,car,bad
22,male,2,own,moderate,moderate,2249,18,furniture/equipment,bad
39,female,1,own,moderate,moderate,1566,6,car,good
27,male,2,own,little,unknown,2657,24,vacation/others,good
29,male,1,own,little,unknown,1874,12,furniture/equipment,good
48,male,1,own,unknown,unknown,4981,18,business,good
31,male,2,own,unknown,unknown,979,12,furniture/equipment,good
25,male,1,free,little,unknown,3822,18,car,bad
27,male,3,own,little,moderate,1424,6,car,bad
33,female,2,own,unknown,moderate,2827,18,car,good
54,female,2,own,unknown,little,3197,12,car,bad
38,male,1,own,unknown,moderate,2831,24,repairs,bad
28,female,1,own,unknown,unknown,2291,18,repairs,bad
39,male,2,own,moderate,moderate,1973,9,car,good
34,male,2,own,little,unknown,2424,12,car,bad
34,male,1,rent,little,moderate,3308,12,car,good
19,male,2,own,unknown,moderate,2395,9,car,bad
30,female,2,own,unknown,unknown,1584,6,business,bad
44,female,2,own,little,unknown,3172,48,radio/TV,bad
34,male,2,rent,little,unknown,3809,30,furniture/equipment,bad
19,male,2,free,little,unknown,3213,12,car,good
25,female,2,own,little,moderate,2068,24,vacation/others,good
41,male,1,own,little,moderate,2549,24,education,bad
26,male,1,own,moderate,unknown,1345,12,car,good
27,male,1,rent,unknown,little,642,6,radio/TV,good
41,female,1,own,little,little,7492,36,vacation/others,bad
39,male,2,own,unknown,unknown,3839,60,repairs,good
25,female,2,own,unknown,moderate,2325,18,car,bad
38,male,1,own,moderate,little,2263,24,education,bad
55,male,2,free,little,little,3886,36,radio/TV,bad
37,male,2,own,little,unknown,3175,12,car,good
